origin,angles,name
"< -2290.23, -3921.85, 272.031 >","< 3.20799, 24.2709, 0>",""
"< -2290.23, -3921.85, 272.031 >","< 2.3478, 32.8542, 0>",""
"< -2290.23, -3921.85, 272.031 >","< 2.3478, 32.8542, 0>",""
"< -2461.34, -4008.57, 272.031 >","< 18.8218, 21.586, 0>",""
"< -2157.4, -3689.55, 272.031 >","< 2.94275, 358.292, 0>",""
"< -2290.23, -3921.85, 272.031 >","< 2.3478, 32.8542, 0>",""
"< -2290.23, -3921.85, 272.031 >","< 2.3478, 32.8542, 0>",""
"< -2290.23, -3921.85, 272.031 >","< 2.3478, 32.8542, 0>",""
"< -2290.23, -3921.85, 272.031 >","< 2.3478, 32.8542, 0>",""
"< -2290.23, -3921.85, 272.031 >","< 2.3478, 32.8542, 0>",""
"< -2290.23, -3921.85, 272.031 >","< 2.3478, 32.8542, 0>",""
"< -2290.23, -3921.85, 272.031 >","< 2.3478, 32.8542, 0>",""
"< -2290.23, -3921.85, 272.031 >","< 2.3478, 32.8542, 0>",""
"< -2290.23, -3921.85, 272.031 >","< 2.3478, 32.8542, 0>",""
vector,vector,string
