origin,angles,name
"< 504.479, -4821.36, 432.031>","< 8.04629, 86.2081, 0>",""
"< 521.144, -4347.49, 432.031>","< 1.91185, 267.268, 0>",""
"< 221.075, -2831.76, -108.348>","< 7.43431, 358.339, 0>",""
"< 585.377, -2825.74, -117.371>","< 0.561123, 178.411, 0>",""
"< 3668.96, -4320.37, 243.334>","< 4.98295, 198.385, 0>",""
"< 3069.35, -4440.85, 248.032>","< 5.61, 351.153, 0>",""
vector,vector,string
