origin,angles,name
"< -2711.41, 151.713, 2855.16>","< 357.231, 267.359, 0>",""
"< -2725.5, -390.595, 2855.16>","< 356.07, 89.8643, 0>",""
"< 2729.37, -342.944, 2855.28>","< 356.025, 89.8239, 0>",""
"< 2735.39, 137.601, 2855.28>","< 359.026, 267.91, 0>",""
"< 325.688, -99.1393, 2681.03>","< 358.283, 178.043, 0>",""
"< -306.827, -91.6225, 2681.03>","< 358.79, 358.514, 0>",""
"< 2.66622, -290.558, 2681.03>","< 0.0619644, 91.3786, 0>",""
"< -1.81323, 84.6887, 2681.03>","< 359.642, 269.564, 0>",""
"< 2.92454, -769.973, 2632.03>","< 357.341, 90.3222, 0>",""
"< 5.26986, 644.91, 2632.03>","< 357.091, 269.489, 0>",""
"< 257.365, 2178.87, 2896.03>","< 358.821, 180.857, 0>",""
"< -283.569, 2179.09, 2896.03>","< 358.255, 359.077, 0>",""
"< 674.815, 2649.66, 2920.03>","< 358.796, 179.896, 0>",""
"< -651.259, 2648.31, 2920.03>","< 3.93804, 0.667462, 0>",""
"< -1281.6, 2764.84, 2920.03>","< 0.249392, 87.9701, 0>",""
"< -892.455, 3178.81, 2920.03>","< 359.401, 179.992, 0>",""
"< 1282.59, 2789.23, 2920.03>","< 359.461, 90.1711, 0>",""
"< 867.468, 3186.7, 2920.03>","< 0.150161, 357.612, 0>",""
"< 2206.92, -2677.09, 2853.03>","< 357.898, 253.507, 0>",""
"< 2054.66, -3161.08, 2853.03>","< 358.78, 70.775, 0>",""
"< -2286.88, -3133.19, 2853.03>","< 359.509, 96.6746, 0>",""
"< -2333.66, -2710.4, 2853.03>","< 1.75485, 274.973, 0>",""
"< -288.876, -2393.52, 2730.03>","< 359.63, 359.863, 0>",""
"< 248.064, -2393.83, 2730.34>","< 357.904, 178.891, 0>",""
"< 2.4668, -1910.15, 2730.34>","< 359.793, 90.8113, 0>",""
"< -1.3437, -1258.61, 2679.75>","< 336.903, 269.282, 0>",""
"< 577.367, -3156.26, 2826.03>","< 0.834124, 180.397, 0>",""
"< -614.982, -3148.64, 2826.03>","< 359.879, 358.87, 0>",""
"< 2366.22, 283.837, 2591.35>","< 359.562, 270.137, 0>",""
"< 2353.46, -503.545, 2591.35>","< 0.808933, 89.3065, 0>",""
"< -2347.91, 323.3, 2591.35>","< 359.135, 270.755, 0>",""
"< -2339.53, -535.238, 2591.35>","< 358.435, 90.713, 0>",""
vector,vector,string
