origin,angles,name
"<344.814117, 1279.00415, 188.561081>","<0, 178.998779, 0>",""
"<-301.836731, 1278.16309, 188.60759>","<0, -2.78833318, 0>",""
"<-2934.02246, 3094.91431, 192.048279>","<0, 45.9642601, 0>",""
"<-2282.98853, 3810.25732, 192.046173>","<0, -120.085022, 0>",""
"<-1037.84583, 2280.85938, -130.952026>","<0, -6.83472872, 0>",""
"<-143.20752, 2239.93433, -114.43261>","<0, -178.196396, 0>",""
"<2983.75, 3072.01416, 192.054321>","<0, 138.60434, 0>",""
"<2251.52686, 3821.51807, 192.045395>","<0, -59.6830139, 0>",""
"<-694.934387, 4686.71777, 128.03125>","<0, -159.394516, 0>",""
"<-1257.71802, 4618.77295, 128.017029>","<0, 7.97793579, 0>",""
"<-851.90686, 5469.09717, -32.0257645>","<0, -3.02725101, 0>",""
"<-209.819092, 5462.67139, -30.802206>","<0, -178.949997, 0>",""
"<621.688782, 3920.86963, -31.9940014>","<0, -84.1400604, 0>",""
"<709.123413, 3262.09692, -31.96875>","<0, 94.3908463, 0>",""
"<2933.51343, 1449.6571, 140.03125>","<0, -100.364799, 0>",""
"<2455.15234, 1004.09894, 128.03125>","<0, 7.74315786, 0>",""
"<-1441.08, 1675.66, 280.08>","<0, -110, 0>",""
"<-1787.21, 1008.08, 254.03>","<0, 50, 0>",""
"<1649.15588, 1135.37439, 192.03125>","<0, 137.991577, 0>",""
"<1122.84058, 1418.50452, 190.821075>","<0, -27.6340904, 0>",""
"<-2862.42407, 1511.31921, 140.03125>","<0, -100.470222, 0>",""
"<-2633.31348, 833.701477, 128.03125>","<0, 130.051575, 0>",""
"<-836.684998, 2751.19849, 192.03125>","<0, -150.722626, 0>",""
"<-1405.85583, 2548.43164, 192.03125>","<0, 12.0755987, 0>",""
vector,vector,string
