origin,angles,name
"<3263.02002, -3556.06055, 273.576324>","<0, 8.61375999, 0>",""
"<3784.31885, -3452.91772, 272.03125>","<0, -171.17247, 0>",""
"<167.032883, -6722.06787, 336.03125>","<0, -1.60793841, 0>",""
"<1296.91602, -6719.25293, 336.03125>","<0, 178.672043, 0>",""
"<-761.57,-4554.79,311.46>","<0, -144.43, 0>",""
"<-1436.52,-5086.34,299.21>","<0, 40.96, 0>",""
"<2809.94946, -4459.84961, 361.746124>","<0, -88.6163712, 0>",""
"<2738.16772, -5504.04443, 388.564209>","<0, 82.8682785, 0>",""
"<-444.894531, -2472.0481, -313.453186>","<0, -6.28803873, 0>",""
"<34.082859, -2517.09546, -311.32724>","<0, 170.668167, 0>",""
"<2050.9939, -3850.13452, 432.03125>","<0, -174.60405, 0>",""
"<1504.50134, -3880.59595, 432.03125>","<0, 0.203577876, 0>",""
"<234.719513, -4128.62842, 273.224884>","<0, -94.9567108, 0>",""
"<214.551025, -4557.26904, 272.03125>","<0, 87.0343704, 0>",""
"<-2457.16333, -5476.83203, 400.03125>","<0, -12.8816891, 0>",""
"<-1929.41846, -5594.64307, 400.03125>","<0, 165.039886, 0>",""
"<-81.694252, -3906.92749, 432.03125>","<0, 171.290192, 0>",""
"<-640.369202, -3834.13794, 432.03125>","<0, -13.2758875, 0>",""
"<-3015.57031, -3553.14819, 272.03125>","<0, -140.035995, 0>",""
"<-3493.69263, -4762.4126, 272.032166>","<0, 84.9091492, 0>",""
vector,vector,string
